,City,Lat,Long,Humidity,Pressure,Temp,Temp Max,Temp Min,Clouds,Wind
0,Caluquembe,-13.78,14.68,90,857.19,287.09,287.09,287.09,20,0.41
1,Victoria,5.28,115.24,83,1012.0,301.15,301.15,301.15,75,3.6
2,Punta Arenas,-53.16,-70.91,86,993.0,277.15,277.15,277.15,40,7.2
3,Mataura,-46.19,168.86,56,1016.47,300.19,300.19,300.19,0,8.86
4,Hobart,-42.88,147.33,26,1003.0,300.15,300.15,300.15,0,7.2
5,Tuktoyaktuk,69.44,-133.03,84,1015.0,257.15,257.15,257.15,90,3.6
6,Rikitea,-23.12,-134.97,100,1029.93,300.115,300.115,300.115,0,5.36
7,Buala,-8.15,159.59,82,1011.28,303.515,303.515,303.515,64,4.11
8,Namatanai,-3.66,152.44,93,1015.34,303.09,303.09,303.09,36,3.76
9,Sijunjung,-0.69,100.95,96,964.92,295.19,295.19,295.19,92,1.21
10,Ushuaia,-54.81,-68.31,75,987.0,279.15,279.15,279.15,40,12.9
11,Thabazimbi,-24.59,27.41,92,899.18,288.315,288.315,288.315,0,1.06
12,Vaini,15.34,74.49,82,1020.0,289.15,289.15,289.15,0,2.1
13,Vestmannaeyjar,63.44,-20.27,100,1009.18,267.99,267.99,267.99,0,4.11
14,Upernavik,72.79,-56.15,99,1021.66,258.615,258.615,258.615,56,2.36
15,Ribeira Grande,38.52,-28.7,100,1036.98,289.565,289.565,289.565,68,3.86
16,Brynmawr,51.8,-3.17,96,996.0,273.32,275.15,271.15,12,2.1
17,Busselton,-33.64,115.35,91,1028.31,294.065,294.065,294.065,0,6.46
18,Beringovskiy,63.05,179.32,84,1024.58,258.465,258.465,258.465,24,5.46
19,Hermanus,-34.42,19.24,95,987.37,289.915,289.915,289.915,68,0.61
20,Qaanaaq,77.48,-69.36,81,992.72,250.365,250.365,250.365,0,4.61
21,Egvekinot,66.32,-179.17,32,982.67,242.765,242.765,242.765,8,1.36
22,Riesa,51.3,13.31,92,1000.0,270.48,271.15,270.15,0,3.1
23,Nishihara,35.74,139.53,48,1025.0,279.28,280.15,278.75,75,2.1
24,Dunedin,-45.87,170.5,64,992.96,298.165,298.165,298.165,12,2.46
25,Nuevo Casas Grandes,30.42,-107.91,80,851.84,277.165,277.165,277.165,88,0.76
26,Butaritari,3.07,172.79,100,1019.88,301.615,301.615,301.615,36,7.26
27,Comodoro Rivadavia,-45.87,-67.48,31,1006.0,289.15,289.15,289.15,0,9.8
28,Pushkino,56.01,37.85,100,1012.0,269.15,269.15,269.15,90,4.0
29,Mount Gambier,-37.83,140.78,11,1004.0,306.15,306.15,306.15,32,5.7
30,Ojinaga,29.56,-104.41,33,1018.0,283.85,283.85,283.85,1,2.6
31,Sorada,19.76,84.43,70,1008.77,289.99,289.99,289.99,0,1.96
32,Arlit,18.74,7.39,34,974.56,280.09,280.09,280.09,0,1.51
33,Pali,25.77,73.33,61,1009.42,280.565,280.565,280.565,12,1.26
34,Bayir,37.27,28.22,81,1007.0,284.15,284.15,284.15,75,5.1
35,Bredasdorp,-34.53,20.04,78,1012.0,295.15,295.15,295.15,92,3.1
36,Wilmington,39.75,-75.55,92,1012.0,273.6,274.85,272.05,90,3.1
37,Sarandi,-27.94,-52.92,77,961.43,296.615,296.615,296.615,0,2.71
38,Damietta,31.42,31.81,81,1013.0,285.15,285.15,285.15,0,3.1
39,Longyearbyen,78.22,15.63,68,1009.0,271.15,271.15,271.15,75,12.3
40,Terra Santa,-2.1,-56.49,89,1020.69,298.59,298.59,298.59,64,1.21
41,Cockburn Town,21.46,-71.14,99,1029.93,298.915,298.915,298.915,20,4.46
42,Daru,7.99,-10.85,56,993.21,299.965,299.965,299.965,24,4.66
43,Provideniya,64.42,-173.23,56,1017.0,263.15,263.15,263.15,0,10.0
44,Innisfail,52.02,-113.95,92,1013.0,262.15,262.15,262.15,20,2.6
45,Eydhafushi,5.1,73.07,98,1026.77,300.94,300.94,300.94,0,5.66
46,Albany,42.65,-73.75,84,1009.0,269.31,271.45,268.15,90,2.1
47,Zarechnyy,60.99,40.4,85,1005.85,265.44,265.44,265.44,88,5.51
48,Atuona,-9.8,-139.03,99,1022.96,300.765,300.765,300.765,68,8.21
49,Yulara,-25.24,130.99,17,1009.0,311.15,311.15,311.15,0,5.7
50,Puerto Ayora,-0.74,-90.35,94,1017.04,300.34,300.34,300.34,48,2.71
51,Grand Gaube,-20.01,57.66,94,1011.0,298.15,298.15,298.15,75,1.5
52,Bluff,-23.58,149.07,47,1000.18,304.24,304.24,304.24,80,7.06
53,Las Lomas,-4.66,-80.24,61,994.1,299.99,299.99,299.99,64,3.61
54,Kibre Mengist,5.87,38.99,82,832.46,281.515,281.515,281.515,0,1.31
55,Hamilton,32.3,-64.78,93,1016.0,291.15,291.15,291.15,90,6.2
56,Ixtapa,20.71,-105.21,83,1013.0,297.15,297.15,297.15,90,1.0
57,Abu Dhabi,24.47,54.37,77,1018.0,292.62,293.15,292.15,0,1.56
58,Barrow,-38.31,-60.23,79,1008.12,293.265,293.265,293.265,0,4.36
59,College,64.86,-147.8,92,1006.0,266.08,267.05,264.15,20,0.26
60,Kapaa,22.08,-159.32,55,1015.0,297.4,298.15,296.45,75,8.2
61,Kahului,20.89,-156.47,84,1012.0,294.4,295.95,293.15,40,8.2
62,Beloha,-25.17,45.06,69,1012.99,294.74,294.74,294.74,0,5.61
63,Wanning,48.64,13.53,86,998.0,270.15,270.15,270.15,0,5.1
64,Vestmanna,62.16,-7.17,100,989.0,273.15,273.15,273.15,24,7.7
65,Torbat-e Jam,35.24,60.63,92,887.83,273.99,273.99,273.99,0,3.86
66,Thompson,55.74,-97.86,65,1028.0,234.15,234.15,234.15,5,2.06
67,Khorramshahr,30.43,48.18,93,1022.0,283.15,283.15,283.15,12,2.1
68,Rocha,-34.48,-54.34,78,1003.99,299.865,299.865,299.865,24,4.11
69,Srednekolymsk,67.46,153.71,0,1029.44,233.365,233.365,233.365,0,1.16
70,Hithadhoo,-0.6,73.08,100,1025.39,300.99,300.99,300.99,88,6.61
71,Tabas,33.6,56.92,80,1017.0,282.15,282.15,282.15,0,1.0
72,Bethel,60.79,-161.76,100,1001.0,271.3,272.05,270.15,90,10.8
73,Fairview,40.81,-74.0,92,1010.0,275.13,276.45,273.75,90,3.06
74,Milkovo,41.53,24.68,100,1002.0,279.15,279.15,279.15,75,4.1
75,Mpanda,-6.34,31.07,100,899.83,290.84,290.84,290.84,92,1.56
76,Tilichiki,60.47,166.1,76,1004.96,259.44,259.44,259.44,0,1.51
77,Morondava,-20.3,44.28,100,1019.63,296.715,296.715,296.715,8,0.96
78,Port Elizabeth,39.31,-74.98,100,1011.0,274.3,275.15,273.15,90,2.1
79,Kondinskoye,59.65,67.41,73,1032.44,255.915,255.915,255.915,64,1.91
80,Lebu,8.96,38.73,75,777.91,275.315,275.315,275.315,0,1.16
81,Broken Hill,-31.97,141.45,21,1007.0,311.15,311.15,311.15,36,6.7
82,Saint-Augustin,44.83,-0.61,86,1007.0,279.38,281.15,277.15,92,4.6
83,Souillac,45.6,-0.6,75,1005.0,277.04,278.15,276.15,92,5.1
84,Hays,38.88,-99.33,77,1022.0,266.42,267.05,265.95,1,5.7
85,Bilibino,68.06,166.44,29,979.99,243.665,243.665,243.665,24,1.06
86,Cabo San Lucas,22.89,-109.91,72,1014.0,293.71,294.15,293.15,20,3.6
87,Okhotsk,59.36,143.24,100,1024.98,247.315,247.315,247.315,24,2.86
88,Jamestown,-33.21,138.6,74,963.78,302.515,302.515,302.515,0,3.81
89,Arraial do Cabo,-22.97,-42.02,86,1028.14,298.415,298.415,298.415,0,7.21
90,Agucadoura,41.43,-8.78,93,1017.0,280.15,280.15,280.15,20,3.46
91,Tasiilaq,65.61,-37.64,56,1012.0,264.15,264.15,264.15,0,2.1
92,Port-Gentil,-0.72,8.78,100,1022.55,299.74,299.74,299.74,56,2.56
93,Port Macquarie,-31.43,152.91,34,1012.0,307.15,307.15,307.15,0,5.1
94,Nouadhibou,20.93,-17.03,77,1025.96,289.765,289.765,289.765,0,7.81
95,Dikson,73.51,80.55,76,1047.03,245.965,245.965,245.965,8,4.01
96,Santa Fe,-31.62,-60.7,68,1016.39,302.615,302.615,302.615,24,5.66
97,Ankpa,7.37,7.63,95,1002.69,295.19,295.19,295.19,32,1.41
98,Aklavik,68.22,-135.01,77,1015.0,258.15,258.15,258.15,90,3.6
99,Urusha,54.05,122.9,37,967.84,253.065,253.065,253.065,48,3.86
100,Elko,40.83,-115.76,63,1018.0,275.35,275.35,275.35,1,2.1
101,Saint-Paul,45.22,1.9,80,1001.0,274.15,274.15,274.15,90,9.3
102,East London,-33.02,27.91,94,1019.07,294.84,294.84,294.84,20,1.21
103,Port Alfred,-33.59,26.89,94,1015.01,293.465,293.465,293.465,0,2.16
104,New Norfolk,-42.78,147.06,26,1003.0,300.15,300.15,300.15,0,7.2
105,Pucallpa,-8.38,-74.54,88,1011.0,299.15,299.15,299.15,75,0.81
106,Quatre Cocos,-20.21,57.76,94,1011.0,298.15,298.15,298.15,75,1.5
107,Sartell,45.62,-94.21,49,1022.0,240.48,242.15,239.15,1,5.1
108,Avarua,-21.21,-159.78,79,1002.0,302.15,302.15,302.15,75,2.6
109,Kipushi,-11.76,27.24,99,878.18,289.815,289.815,289.815,92,2.21
110,Khatanga,71.98,102.47,0,1038.68,235.765,235.765,235.765,32,3.51
111,Pevek,69.7,170.27,98,1032.6,246.215,246.215,246.215,24,1.61
112,Ugoofaaru,5.67,73.0,98,1026.77,300.94,300.94,300.94,0,5.66
113,Sao Filipe,14.9,-24.5,96,1017.85,295.065,295.065,295.065,24,8.11
114,Saint George,39.45,22.34,100,1000.0,281.31,283.15,279.15,75,1.21
115,Dwarka,28.58,77.04,87,1020.0,280.15,280.15,280.15,40,2.1
116,Kodiak,39.95,-94.76,17,1023.0,257.92,258.75,257.15,1,4.1
117,Salamiyah,35.01,37.05,80,947.08,279.49,279.49,279.49,64,6.56
118,Evensk,61.92,159.24,100,1018.66,264.615,264.615,264.615,80,6.96
119,Vila Franca do Campo,37.72,-25.43,82,1028.0,288.15,288.15,288.15,40,3.6
120,Narsaq,60.91,-46.05,71,998.0,273.15,273.15,273.15,68,10.8
121,Nikolskoye,59.7,30.79,92,1002.0,272.15,272.15,272.15,75,3.0
122,Chuy,-33.69,-53.46,91,1020.04,297.865,297.865,297.865,20,5.91
123,Priargunsk,50.37,119.09,36,957.7,253.24,253.24,253.24,0,7.11
124,Nuuk,64.17,-51.74,66,1008.0,262.15,262.15,262.15,20,4.1
125,Severo-Kurilsk,50.68,156.12,100,1000.02,271.165,271.165,271.165,68,13.76
126,San Patricio,-26.98,-56.83,59,1014.85,301.265,301.265,301.265,0,2.01
127,Dali,25.6,100.24,100,786.99,280.265,280.265,280.265,92,0.21
128,Ipira,-27.41,-51.77,87,953.81,295.865,295.865,295.865,12,1.41
129,Tuatapere,-46.13,167.69,61,1006.01,295.465,295.465,295.465,20,7.01
130,Bugasong,11.04,122.06,83,1020.93,300.34,300.34,300.34,68,5.66
131,Ilulissat,69.22,-51.1,55,1007.0,259.15,259.15,259.15,0,7.2
132,Guerrero Negro,27.97,-114.04,99,1014.36,286.09,286.09,286.09,0,2.51
133,Qingdao,36.09,120.35,94,1028.0,279.15,279.15,279.15,40,1.0
134,Hilo,19.71,-155.08,64,1010.0,297.55,297.55,297.55,1,7.7
135,Ushtobe,45.25,77.98,20,962.89,247.59,247.59,247.59,0,1.26
136,Bandarbeyla,9.49,50.81,100,1023.69,297.915,297.915,297.915,92,6.51
137,Iqaluit,63.75,-68.52,67,1025.0,243.15,243.15,243.15,5,5.1
138,Sozimskiy,59.74,52.25,90,1012.34,261.565,261.565,261.565,92,1.31
139,Chiredzi,-21.05,31.67,93,981.7,293.69,293.69,293.69,32,2.66
140,Henties Bay,-22.12,14.28,100,1011.77,289.09,289.09,289.09,92,2.11
141,Faanui,-16.48,-151.75,100,1021.82,301.565,301.565,301.565,80,10.36
142,Kilimatinde,-5.75,34.82,85,895.45,290.59,290.59,290.59,0,1.56
143,Kaitangata,-46.28,169.85,81,1014.69,298.69,298.69,298.69,56,2.96
144,Filadelfia,-22.35,-60.04,52,1010.39,303.065,303.065,303.065,36,7.61
145,Luderitz,-26.65,15.16,99,1010.8,287.99,287.99,287.99,56,3.91
146,Airai,-8.93,125.41,69,946.35,299.515,299.515,299.515,92,1.06
147,Husavik,50.56,-96.99,47,1011.77,239.115,239.115,239.115,0,4.11
148,Yellowknife,62.45,-114.38,75,1022.0,246.15,246.15,246.15,75,6.2
149,Georgetown,6.8,-58.16,94,1013.0,297.15,297.15,297.15,20,2.1
150,Kavieng,-2.57,150.8,100,1020.44,302.94,302.94,302.94,32,4.01
151,Asmar,35.03,71.36,61,878.67,275.215,275.215,275.215,92,0.91
152,Buta,2.79,24.73,95,970.67,295.84,295.84,295.84,88,0.96
153,Kavaratti,10.57,72.64,100,1027.5,300.115,300.115,300.115,0,1.76
154,Wukari,7.87,9.78,97,1006.01,293.69,293.69,293.69,64,0.96
155,Riyadh,24.63,46.72,66,1021.0,284.15,284.15,284.15,0,1.0
156,Bose,45.46,8.01,64,1000.0,267.7,275.15,256.15,75,1.5
157,Cape Town,-33.93,18.42,93,1013.0,292.15,292.15,292.15,20,1.0
158,Havre-Saint-Pierre,50.23,-63.6,77,1024.0,255.15,255.15,255.15,40,3.6
159,Nanortalik,60.14,-45.24,90,996.37,272.165,272.165,272.165,32,14.46
160,Pacific Grove,36.62,-121.92,79,1015.0,286.22,287.15,285.35,90,1.76
161,Saint-Philippe,45.36,-73.48,92,1008.0,265.65,269.35,262.15,90,3.1
162,Dingle,11.0,122.67,65,1007.47,300.215,300.215,300.215,36,7.11
163,Inongo,-1.93,18.29,97,978.37,296.265,296.265,296.265,12,2.11
164,Vao,59.1,26.19,94,1003.99,271.99,271.99,271.99,88,4.36
165,Mar del Plata,-46.43,-67.52,48,997.34,287.74,287.74,287.74,0,10.06
166,Sinnamary,5.38,-52.96,100,1025.47,297.69,297.69,297.69,100,4.76
167,Tadpatri,14.92,78.02,67,996.85,292.215,292.215,292.215,0,1.76
168,Doha,25.29,51.53,63,1019.0,290.55,291.15,289.45,0,4.1
169,Rawson,-43.3,-65.11,20,1008.61,294.865,294.865,294.865,56,6.56
170,Faya,18.39,42.45,25,1025.0,285.67,286.15,285.15,0,1.21
171,Sergeyevka,53.88,67.42,82,1013.8,258.59,258.59,258.59,80,1.41
172,Mao,19.55,-71.08,94,1016.0,296.66,297.15,296.15,20,2.6
173,Hofn,64.25,-15.21,100,1003.58,271.99,271.99,271.99,0,6.76
174,Mersing,2.43,103.84,80,1022.71,301.115,301.115,301.115,80,6.16
175,Sasykoli,47.55,47.0,80,1038.03,264.315,264.315,264.315,68,1.41
176,Erenhot,43.65,111.97,34,930.87,256.99,256.99,256.99,0,3.66
177,Hosanagara,13.92,75.07,69,977.08,296.09,296.09,296.09,20,3.86
178,Nieuw Amsterdam,5.88,-55.08,88,1013.0,298.15,298.15,298.15,40,2.6
179,Katsuura,33.93,134.5,56,1026.0,280.15,280.15,280.15,40,2.1
180,Zhigansk,66.77,123.37,47,1031.95,239.415,239.415,239.415,48,1.51
181,Inirida,3.87,-67.92,93,1004.88,296.965,296.965,296.965,0,0.86
182,ChengDe,40.97,117.93,19,978.21,270.49,270.49,270.49,88,3.91
183,Chimoio,-19.11,33.48,93,1019.0,292.15,292.15,292.15,40,1.11
184,Ostrovnoy,68.05,39.51,85,1005.69,258.015,258.015,258.015,8,7.56
185,Aquiraz,-3.9,-38.39,83,1013.0,301.15,301.15,301.15,40,4.1
186,Ust-Barguzin,53.41,109.03,63,945.06,256.665,256.665,256.665,48,3.16
187,Urengoy,65.96,78.37,0,1035.28,232.415,232.415,232.415,0,5.96
188,Carnarvon,-30.97,22.13,84,874.54,284.915,284.915,284.915,0,1.66
189,Roebourne,-20.77,117.15,48,1007.64,307.815,307.815,307.815,8,4.21
190,Sao Joao da Barra,-21.64,-41.05,96,1029.93,300.34,300.34,300.34,44,7.31
191,Tahe,52.34,124.71,43,961.27,254.84,254.84,254.84,76,4.96
192,Kathu,-27.7,23.05,83,895.45,291.865,291.865,291.865,92,5.31
193,Castro,-42.48,-73.76,66,1018.0,285.15,285.15,285.15,0,2.6
194,Tianpeng,28.88,112.34,100,1030.58,278.69,278.69,278.69,92,1.86
195,Hovd,63.83,10.7,68,994.0,270.15,270.15,270.15,0,8.7
196,Cherskiy,68.75,161.3,37,1032.04,241.765,241.765,241.765,80,1.11
197,Severodvinsk,64.56,39.82,85,1015.0,262.15,262.15,262.15,90,6.0
198,Zalantun,48.0,122.72,24,993.53,258.765,258.765,258.765,0,6.91
199,Havoysund,71.0,24.66,66,1002.0,263.15,263.15,263.15,76,16.5
200,Pokhara,28.21,83.99,46,852.57,280.365,280.365,280.365,0,1.71
201,Coquimbo,-29.95,-71.34,77,1014.0,291.15,291.15,291.15,0,2.1
202,Xining,36.62,101.77,74,744.6,264.69,264.69,264.69,88,1.66
203,Benalla,-36.55,145.99,78,1009.0,297.15,297.15,297.15,90,3.1
204,Terney,45.05,136.61,82,1015.26,272.315,272.315,272.315,0,5.26
205,Sur,22.57,59.53,100,1000.83,294.015,294.015,294.015,0,3.11
206,Whitianga,-36.83,175.7,97,1034.87,295.065,295.065,295.065,80,5.21
207,Centralia,39.21,-92.14,50,1023.0,261.53,263.75,260.15,1,5.7
208,Itarema,-2.92,-39.92,94,1020.44,297.715,297.715,297.715,32,3.46
209,Xinqing,48.28,129.53,57,961.92,263.615,263.615,263.615,68,5.11
210,Palmer,61.6,-149.11,88,999.0,273.78,274.25,273.15,90,2.6
211,Poum,41.28,20.71,98,889.04,273.365,273.365,273.365,88,0.96
212,Vysokogornyy,50.1,139.13,59,940.84,262.84,262.84,262.84,64,1.41
213,Santa Cruz Cabralia,-16.28,-39.02,83,1017.0,299.15,299.15,299.15,20,1.0
214,Teruel,40.34,-1.11,64,1010.0,280.14,283.15,276.15,0,5.7
215,Tabou,4.42,-7.36,99,1021.82,301.09,301.09,301.09,8,4.41
216,Batangafo,7.3,18.29,37,973.59,291.565,291.565,291.565,12,2.96
217,Esperance,10.24,-61.45,88,1014.0,296.15,296.15,296.15,20,1.5
218,Aksha,50.28,113.29,35,927.95,256.865,256.865,256.865,24,5.26
219,Lorengau,-2.02,147.27,100,1019.63,301.44,301.44,301.44,56,4.46
220,Tiksi,71.64,128.87,0,1017.85,237.34,237.34,237.34,68,1.66
221,Phichit,16.44,100.37,69,1016.0,297.15,297.15,297.15,20,0.5
222,Estelle,32.87,-97.01,39,1024.0,278.26,279.85,276.55,90,2.1
223,Borkenes,68.77,16.17,52,1000.0,266.25,268.15,264.15,0,7.2
224,Kars,40.61,43.1,91,1020.0,262.05,265.15,257.15,75,1.11
225,Dangriga,16.97,-88.23,85,1028.63,296.74,296.74,296.74,0,3.01
226,Leiyang,26.42,112.85,100,1017.04,282.315,282.315,282.315,80,1.91
227,Maldonado,-34.91,-54.96,88,1007.0,296.15,296.15,296.15,75,2.1
228,Tricase,39.93,18.36,87,1000.0,279.96,282.15,278.15,5,4.6
229,Belo Oriente,-19.22,-42.48,77,971.64,296.34,296.34,296.34,0,3.41
230,Vangaindrano,-23.35,47.6,97,1005.85,292.065,292.065,292.065,48,1.86
231,Kushiro,43.11,144.15,62,1020.0,268.15,268.15,268.15,20,3.1
232,Seoul,37.57,126.98,43,1028.0,275.95,276.25,275.15,40,2.6
233,Vardo,39.62,-77.74,54,1014.0,269.46,271.15,268.15,75,4.6
234,Baykit,61.68,96.39,56,960.38,248.415,248.415,248.415,44,1.11
235,Tripoli,37.51,22.37,93,1000.0,281.15,281.15,281.15,92,1.0
236,Siguiri,11.42,-9.17,68,979.91,289.34,289.34,289.34,0,1.61
237,Isangel,-19.55,169.27,98,1019.39,300.365,300.365,300.365,20,7.91
238,San Quintin,17.54,120.52,46,989.48,299.015,299.015,299.015,0,1.76
239,Lubben,51.95,13.9,100,1002.0,270.15,270.15,270.15,0,3.1
240,Lavrentiya,65.58,-170.99,71,1029.44,259.265,259.265,259.265,0,10.01
241,La Ronge,55.1,-105.3,73,1028.0,238.15,238.15,238.15,5,1.5
242,Murgab,37.5,61.97,93,1015.0,282.15,282.15,282.15,90,5.1
243,Neiafu,-18.65,-173.98,66,1006.0,302.15,302.15,302.15,40,3.6
244,Luanda,-8.83,13.24,83,1010.0,300.15,300.15,300.15,40,3.6
245,Saskylakh,71.97,114.09,0,1028.39,239.565,239.565,239.565,68,2.26
246,Leningradskiy,69.38,178.42,78,1036.49,248.815,248.815,248.815,0,5.11
247,Norman Wells,65.28,-126.83,77,1010.0,257.15,257.15,257.15,90,2.6
248,Sibolga,1.74,98.78,88,944.65,298.065,298.065,298.065,8,0.66
249,Touros,-5.2,-35.46,78,1013.0,299.15,299.15,299.15,0,2.6
250,Mareeba,-16.99,145.42,88,1005.0,301.15,301.15,301.15,40,3.1
251,Sawtell,-30.38,153.1,65,1015.0,302.49,303.15,301.15,0,9.8
252,Farafangana,-22.82,47.83,100,1028.63,298.09,298.09,298.09,48,2.81
253,Mahebourg,-20.41,57.7,94,1011.0,298.15,298.15,298.15,75,1.5
254,Benguela,-12.58,13.4,100,1014.45,298.24,298.24,298.24,56,1.76
255,Praia da Vitoria,38.73,-27.07,87,1027.0,285.15,285.15,285.15,20,6.71
256,Ancud,-41.87,-73.83,66,1018.0,285.15,285.15,285.15,0,2.6
257,Rurrenabaque,-14.44,-67.53,99,958.76,293.715,293.715,293.715,92,0.76
258,Walvis Bay,-22.95,14.51,77,1013.0,289.15,289.15,289.15,0,3.1
259,Pingxiang,27.63,113.85,80,994.75,285.415,285.415,285.415,92,0.46
260,Saldanha,41.42,-6.55,93,953.41,275.715,275.715,275.715,64,2.51
261,Leh,34.16,77.58,57,605.74,243.24,243.24,243.24,64,0.21
262,Ponta do Sol,-20.63,-46.0,96,929.01,291.265,291.265,291.265,68,1.16
263,Alofi,-19.06,-169.92,100,1017.12,299.665,299.665,299.665,88,6.26
264,Hervey Bay,-25.3,152.85,45,1014.0,304.15,304.15,304.15,40,7.2
265,Bougouni,11.42,-7.49,51,984.45,289.765,289.765,289.765,0,2.46
266,Kandy,7.29,80.64,77,975.7,295.065,295.065,295.065,0,1.96
267,Vanimo,-2.67,141.3,100,1022.71,300.065,300.065,300.065,88,7.11
268,Roald,62.58,6.12,64,991.0,272.89,275.15,271.15,24,4.6
269,Vostok,46.45,135.83,62,956.24,268.94,268.94,268.94,8,3.11
270,Zaragoza,41.65,-0.88,75,1011.0,276.87,279.15,275.15,40,6.2
271,Sao Miguel do Araguaia,-13.28,-50.16,91,991.26,295.74,295.74,295.74,56,1.31
272,Easton,42.02,-71.13,78,1011.0,275.34,276.15,273.75,90,7.2
273,Phan Thiet,10.93,108.1,79,1022.31,300.015,300.015,300.015,0,7.86
274,Prince Rupert,54.32,-130.32,65,1015.0,278.15,278.15,278.15,90,3.6
275,Burnie,-41.05,145.91,97,1018.17,292.215,292.215,292.215,68,3.11
276,Ormara,25.21,64.64,97,1028.63,293.94,293.94,293.94,88,2.61
277,Fare,-16.7,-151.02,97,1020.93,301.84,301.84,301.84,88,9.96
278,Bilma,18.69,12.92,45,968.89,279.69,279.69,279.69,0,1.71
279,Regina,50.45,-104.62,68,1025.0,244.15,244.15,244.15,40,1.5
280,Gat,14.69,-16.54,68,1013.0,291.15,291.15,291.15,44,8.2
281,Hobyo,5.35,48.53,90,1017.36,296.34,296.34,296.34,0,7.06
282,Christchurch,-43.53,172.64,54,1019.0,302.15,302.15,302.15,68,5.1
283,Yashan,30.81,118.02,97,1012.34,283.49,283.49,283.49,92,1.31
284,Naron,43.52,-8.15,87,1015.0,279.15,279.15,279.15,0,2.6
285,Port Hardy,50.7,-127.42,93,1018.0,277.15,277.15,277.15,75,1.0
286,Westport,53.8,-9.52,100,994.34,276.565,276.565,276.565,68,7.01
287,Waipawa,-39.94,176.59,59,1005.45,300.715,300.715,300.715,48,2.16
288,Bambous Virieux,-20.34,57.76,94,1011.0,298.15,298.15,298.15,75,1.5
289,Salinopolis,-0.61,-47.36,100,1025.96,299.69,299.69,299.69,92,5.36
290,Mantua,45.16,10.79,69,1002.0,275.15,275.15,275.15,0,2.6
291,Cap Malheureux,-19.98,57.61,94,1011.0,298.15,298.15,298.15,75,1.5
292,Ust-Nera,64.57,143.24,0,902.1,228.99,228.99,228.99,0,0.61
293,Lufilufi,-13.87,-171.6,62,1004.0,305.15,305.15,305.15,75,8.2
294,Meulaboh,4.14,96.13,100,1022.96,299.965,299.965,299.965,68,1.76
295,Andros,37.83,24.93,62,1000.0,287.15,287.15,287.15,64,12.3
296,Tabasalu,59.43,24.54,100,998.0,270.15,270.15,270.15,90,1.5
297,Winschoten,53.14,7.04,100,995.0,272.43,273.15,272.15,56,3.1
298,Avera,33.19,-82.53,49,1018.0,275.38,277.05,273.85,1,3.6
299,Pisco,-13.71,-76.2,88,1013.0,297.15,297.15,297.15,75,6.2
300,Agadez,16.97,7.99,54,972.05,280.69,280.69,280.69,0,1.36
301,Biloela,-24.4,150.51,44,982.59,303.84,303.84,303.84,68,5.06
302,Fortuna,38.18,-1.13,54,1011.0,285.15,286.15,284.15,20,0.5
303,Resistencia,-27.45,-58.99,74,1009.0,302.2,303.15,301.15,0,3.6
304,Kloulklubed,7.04,134.26,74,1012.0,302.15,302.15,302.15,75,4.6
305,Padang,-0.92,100.36,79,1012.0,302.15,302.15,302.15,20,0.5
306,Inhambane,-23.87,35.38,100,1025.23,294.615,294.615,294.615,68,3.16
307,Nago,45.88,10.89,69,1002.0,275.15,275.15,275.15,0,2.6
308,Wanaka,-44.7,169.14,35,942.3,300.415,300.415,300.415,0,1.96
309,Fort Nelson,58.81,-122.69,92,1011.0,261.15,261.15,261.15,90,1.0
310,Corrente,-17.45,-44.68,48,944.65,298.99,298.99,298.99,0,5.31
311,Trairi,-3.28,-39.27,100,1026.12,300.465,300.465,300.465,92,5.46
312,Karratha,-20.74,116.85,48,1007.64,307.815,307.815,307.815,8,4.21
313,Rio Grande,-32.03,-52.1,97,1021.58,297.465,297.465,297.465,44,6.41
314,Passo de Camaragibe,-9.24,-35.49,73,1015.0,298.15,298.15,298.15,0,2.1
315,Joshimath,30.57,79.57,100,599.82,253.415,253.415,253.415,32,0.16
316,Gorontalo,0.54,123.06,68,994.99,302.74,302.74,302.74,56,1.26
317,Elat,2.91,11.16,99,945.95,294.44,294.44,294.44,76,1.01
318,Deputatskiy,69.3,139.9,50,963.46,237.915,237.915,237.915,44,1.86
319,Diffa,13.32,12.61,46,991.91,284.49,284.49,284.49,0,2.71
320,Panyutyne,48.93,36.28,96,1008.53,274.49,274.49,274.49,92,4.66
321,Ahipara,-35.17,173.16,63,1021.58,299.265,299.265,299.265,20,3.61
322,Areka,7.07,37.71,80,824.85,282.115,282.115,282.115,0,1.56
323,Medeiros Neto,-17.37,-40.22,92,1002.93,295.315,295.315,295.315,44,1.96
324,Sitka,37.17,-99.65,60,958.59,272.065,272.065,272.065,0,5.61
325,Emporia,38.4,-96.18,64,1023.0,266.45,266.45,266.45,90,4.6
326,Sept-Iles,50.2,-66.38,64,1023.0,255.15,255.15,255.15,20,4.6
327,Chadan,51.29,91.58,50,855.24,248.265,248.265,248.265,56,1.16
328,Shingu,33.72,135.99,39,1026.0,282.15,282.15,282.15,20,1.5
329,Rovaniemi,66.5,25.72,92,1003.0,261.15,261.15,261.15,75,3.1
330,Josefina,8.21,123.54,80,994.83,299.015,299.015,299.015,76,2.96
331,Masterton,-40.95,175.66,64,1003.58,302.44,302.44,302.44,12,3.11
332,Labuhan,-2.54,115.51,81,999.12,301.415,301.415,301.415,68,1.31
333,Te Anau,-45.41,167.72,63,969.78,295.465,295.465,295.465,8,6.36
334,Jaisalmer,26.91,70.91,50,1008.77,284.49,284.49,284.49,80,4.36
335,Road Town,18.42,-64.62,76,1017.0,297.55,297.55,297.55,40,3.1
336,Gladstone,-23.84,151.26,58,1013.0,302.15,302.15,302.15,40,9.3
337,Liverpool,53.41,-2.98,86,993.0,273.61,274.15,273.15,75,1.5
338,Slonim,53.09,25.32,91,999.37,270.74,270.74,270.74,76,2.11
339,Coahuayana,18.62,-100.35,61,901.61,286.49,286.49,286.49,0,0.76
340,Berlevag,70.86,29.09,100,1004.07,265.265,265.265,265.265,56,8.16
341,Peleduy,59.63,112.75,60,980.24,251.165,251.165,251.165,32,1.66
342,Cruzeiro do Sul,-7.63,-72.67,94,1012.0,299.15,299.15,299.15,0,1.81
343,Pumiao,22.75,108.49,82,1020.0,293.15,293.15,293.15,40,3.0
344,Barentu,15.11,37.59,83,911.26,285.74,285.74,285.74,0,1.16
345,Chokurdakh,70.62,147.9,0,1037.39,232.065,232.065,232.065,0,2.06
346,Paralimni,40.99,23.67,100,977.64,281.49,281.49,281.49,92,2.31
347,Plouzane,48.38,-4.62,80,1002.0,277.15,277.15,277.15,40,3.6
348,Laguna,27.52,-110.01,72,1011.0,289.15,289.15,289.15,20,2.1
349,Torbay,47.66,-52.73,73,1019.0,266.15,266.15,266.15,20,3.1
350,Edson,53.59,-116.44,57,1012.0,267.15,267.15,267.15,1,1.5
351,Kaitong,44.81,123.15,24,1025.15,262.44,262.44,262.44,0,11.31
352,Nalut,31.86,10.98,81,969.38,277.315,277.315,277.315,0,3.66
353,Gazanjyk,39.24,55.52,100,995.48,277.415,277.415,277.415,92,2.31
354,Belyy Yar,53.6,91.39,56,1029.0,263.15,263.15,263.15,0,4.0
355,Talalora,11.53,124.84,88,1019.39,300.74,300.74,300.74,12,5.36
356,Ambon,47.55,-2.56,86,1001.0,276.54,278.15,274.15,0,2.6
357,Tucurui,-3.77,-49.67,97,1017.12,294.915,294.915,294.915,92,1.11
358,Tupik,54.43,119.94,50,933.55,249.315,249.315,249.315,24,1.86
359,Muleba,-1.84,31.66,82,1015.0,293.15,293.15,293.15,75,2.6
360,Vawkavysk,53.15,24.45,93,1002.29,271.74,271.74,271.74,80,3.31
361,Shimoda,34.7,138.93,100,1025.0,282.7,283.15,282.15,75,6.2
362,Eureka,40.8,-124.16,100,1017.0,282.15,282.15,282.15,90,1.01
363,Marakkanam,12.2,79.95,94,1027.42,298.24,298.24,298.24,76,5.21
364,Talnakh,69.49,88.39,0,1013.07,226.815,226.815,226.815,0,1.16
